Quarter,Rank,Brand,Parent_Company,Ticker,QoQ_Change,Notes
Q1 2019,1,Off-White,,,,
Q1 2019,2,Gucci,,,,
Q1 2019,3,Balenciaga,,,,
Q1 2019,4,Valentino,,,,
Q1 2019,5,Fendi,,,,
Q1 2019,6,Prada,,,,
Q1 2019,7,Stone Island,,,,
Q1 2019,8,Versace,,,,
Q1 2019,9,Vetements,,,,
Q1 2019,10,Saint Laurent,,,,
Q1 2019,11,Nike,,,,
Q1 2019,12,Burberry,,,,
Q1 2019,13,Moncler,,,,
Q1 2019,14,Givenchy,,,,
Q1 2019,15,Dolce & Gabbana,,,,
Q1 2019,16,Yeezy,,,,
Q1 2019,17,Balmain,,,,
Q1 2019,18,Palm Angels,,,,
Q1 2019,19,Adidas,,,,
Q1 2019,20,Alexander McQueen,,,,
Q2 2019,1,Gucci,,,,
Q2 2019,2,Off-White,,,,
Q2 2019,3,Balenciaga,,,,
Q2 2019,4,Valentino,,,,
Q2 2019,5,Prada,,,,
Q2 2019,6,Versace,,,,
Q2 2019,7,Fendi,,,,
Q2 2019,8,Stone Island,,,,
Q2 2019,9,Nike,,,,
Q2 2019,10,Saint Laurent,,,,
Q2 2019,11,Vetements,,,,
Q2 2019,12,Burberry,,,,
Q2 2019,13,Dolce & Gabbana,,,,
Q2 2019,14,Givenchy,,,,
Q2 2019,15,Palm Angels,,,,
Q2 2019,16,Adidas,,,,
Q2 2019,17,Moncler,,,,
Q2 2019,18,Moschino,,,,
Q2 2019,19,Yeezy,,,,
Q2 2019,20,Balmain,,,,
Q3 2019,1,Off-White,,,,
Q3 2019,2,Balenciaga,,,,
Q3 2019,3,Gucci,,,,
Q3 2019,4,Versace,,,,
Q3 2019,5,Prada,,,,
Q3 2019,6,Valentino,,,,
Q3 2019,7,Fendi,,,,
Q3 2019,8,Burberry,,,,
Q3 2019,9,Saint Laurent,,,,
Q3 2019,10,Vetements,,,,
Q3 2019,11,Stone Island,,,,
Q3 2019,12,Nike,,,,
Q3 2019,13,Givenchy,,,,
Q3 2019,14,Moncler,,,,
Q3 2019,15,Dolce & Gabbana,,,,
Q3 2019,16,Bottega Veneta,,,,
Q3 2019,17,Alexander McQueen,,,,
Q3 2019,18,Moschino,,,,
Q3 2019,19,Balmain,,,,
Q3 2019,20,Loewe,,,,
Q4 2019,1,Off-White,,,,
Q4 2019,2,Gucci,,,,
Q4 2019,3,Balenciaga,,,,
Q4 2019,4,Moncler,,,,
Q4 2019,5,Versace,,,,
Q4 2019,6,Fendi,,,,
Q4 2019,7,Prada,,,,
Q4 2019,8,Valentino,,,,
Q4 2019,9,Saint Laurent,,,,
Q4 2019,10,Burberry,,,,
Q4 2019,11,Stone Island,,,,
Q4 2019,12,Nike,,,,
Q4 2019,13,Givenchy,,,,
Q4 2019,14,Bottega Veneta,,,,
Q4 2019,15,Vetements,,,,
Q4 2019,16,Yeezy,,,,
Q4 2019,17,Acne Studios,,,,
Q4 2019,18,Canada Goose,,,,
Q4 2019,19,Dr Martens,,,,
Q4 2019,20,Loewe,,,,
Q1 2020,1,Off-White,,,,
Q1 2020,2,Balenciaga,,,,
Q1 2020,3,Nike,,,,
Q1 2020,4,Gucci,,,,
Q1 2020,5,Prada,,,,
Q1 2020,6,Moncler,,,,
Q1 2020,7,Fendi,,,,
Q1 2020,8,Valentino,,,,
Q1 2020,9,Saint Laurent,,,,
Q1 2020,10,Versace,,,,
Q1 2020,11,Burberry,,,,
Q1 2020,12,Stone Island,,,,
Q1 2020,13,Bottega Veneta,,,,
Q1 2020,14,Givenchy,,,,
Q1 2020,15,Jacquemus,,,,
Q1 2020,16,Vetements,,,,
Q1 2020,17,Raf Simons,,,,
Q1 2020,18,Loewe,,,,
Q1 2020,19,Thom Browne,,,,
Q1 2020,20,Rick Owens,,,,
Q2 2020,1,Nike,,,,
Q2 2020,2,Off-White,,,,
Q2 2020,3,Gucci,,,,
Q2 2020,4,Balenciaga,,,,
Q2 2020,5,Prada,,,,
Q2 2020,6,Saint Laurent,,,,
Q2 2020,7,Versace,,,,
Q2 2020,8,Burberry,,,,
Q2 2020,9,Fendi,,,,
Q2 2020,10,Bottega Veneta,,,,
Q2 2020,11,Jacquemus,,,,
Q2 2020,12,Valentino,,,,
Q2 2020,13,Adidas,,,,
Q2 2020,14,Moncler,,,,
Q2 2020,15,Alexander McQueen,,,,
Q2 2020,16,Loewe,,,,
Q2 2020,17,Balmain,,,,
Q2 2020,18,Vetements,,,,
Q2 2020,19,Stone Island,,,,
Q2 2020,20,Fear of God,,,,
Q3 2020,1,Gucci,,,,
Q3 2020,2,Off-White,,,,
Q3 2020,3,Nike,,,,
Q3 2020,4,Prada,,,,
Q3 2020,5,Balenciaga,,,,
Q3 2020,6,Fendi,,,,
Q3 2020,7,Versace,,,,
Q3 2020,8,Saint Laurent,,,,
Q3 2020,9,Bottega Veneta,,,,
Q3 2020,10,Valentino,,,,
Q3 2020,11,Jacquemus,,,,
Q3 2020,12,Burberry,,,,
Q3 2020,13,Moncler,,,,
Q3 2020,14,Alexander McQueen,,,,
Q3 2020,15,Loewe,,,,
Q3 2020,16,Balmain,,,,
Q3 2020,17,Adidas,,,,
Q3 2020,18,Givenchy,,,,
Q3 2020,19,Fear of God,,,,
Q3 2020,20,Marine Serre,,,,
Q4 2020,1,Gucci,,,,
Q4 2020,2,Balenciaga,,,,
Q4 2020,3,Moncler,,,,
Q4 2020,4,Off-White,,,,
Q4 2020,5,Prada,,,,
Q4 2020,6,Saint Laurent,,,,
Q4 2020,7,Bottega Veneta,,,,
Q4 2020,8,Versace,,,,
Q4 2020,9,Valentino,,,,
Q4 2020,10,Fendi,,,,
Q4 2020,11,Nike,,,,
Q4 2020,12,Burberry,,,,
Q4 2020,13,Jacquemus,,,,
Q4 2020,14,Alexander McQueen,,,,
Q4 2020,15,Loewe,,,,
Q4 2020,16,Balmain,,,,
Q4 2020,17,Givenchy,,,,
Q4 2020,18,Adidas,,,,
Q4 2020,19,Stone Island,,,,
Q4 2020,20,Fear of God,,,,
Q1 2021,1,Gucci,,,,
Q1 2021,2,Nike,,,,
Q1 2021,3,Dior,,,,
Q1 2021,4,Balenciaga,,,,
Q1 2021,5,Moncler,,,,
Q1 2021,6,Prada,,,,
Q1 2021,7,Louis Vuitton,,,,
Q1 2021,8,Bottega Veneta,,,,
Q1 2021,9,Saint Laurent,,,,
Q1 2021,10,Off-White,,,,
Q1 2021,11,Versace,,,,
Q1 2021,12,Burberry,,,,
Q1 2021,13,Fendi,,,,
Q1 2021,14,Valentino,,,,
Q1 2021,15,Alexander McQueen,,,,
Q1 2021,16,Loewe,,,,
Q1 2021,17,Givenchy,,,,
Q1 2021,18,Jacquemus,,,,
Q1 2021,19,Balmain,,,,
Q1 2021,20,Stone Island,,,,
Q2 2021,1,Gucci,,,,
Q2 2021,2,Dior,,,,
Q2 2021,3,Nike,,,,
Q2 2021,4,Louis Vuitton,,,,
Q2 2021,5,Prada,,,,
Q2 2021,6,Balenciaga,,,,
Q2 2021,7,Moncler,,,,
Q2 2021,8,Bottega Veneta,,,,
Q2 2021,9,Saint Laurent,,,,
Q2 2021,10,Versace,,,,
Q2 2021,11,Fendi,,,,
Q2 2021,12,Burberry,,,,
Q2 2021,13,Off-White,,,,
Q2 2021,14,Alexander McQueen,,,,
Q2 2021,15,Valentino,,,,
Q2 2021,16,Loewe,,,,
Q2 2021,17,Givenchy,,,,
Q2 2021,18,Balmain,,,,
Q2 2021,19,Jacquemus,,,,
Q2 2021,20,Rick Owens,,,,
Q3 2021,1,Balenciaga,,,,
Q3 2021,2,Gucci,,,,
Q3 2021,3,Dior,,,,
Q3 2021,4,Prada,,,,
Q3 2021,5,Louis Vuitton,,,,
Q3 2021,6,Nike,,,,
Q3 2021,7,Bottega Veneta,,,,
Q3 2021,8,Versace,,,,
Q3 2021,9,Fendi,,,,
Q3 2021,10,Saint Laurent,,,,
Q3 2021,11,Moncler,,,,
Q3 2021,12,Burberry,,,,
Q3 2021,13,Valentino,,,,
Q3 2021,14,Off-White,,,,
Q3 2021,15,Loewe,,,,
Q3 2021,16,Alexander McQueen,,,,
Q3 2021,17,Givenchy,,,,
Q3 2021,18,Balmain,,,,
Q3 2021,19,Jacquemus,,,,
Q3 2021,20,Dolce & Gabbana,,,,
Q4 2021,1,Balenciaga,,,,
Q4 2021,2,Gucci,,,,
Q4 2021,3,Prada,,,,
Q4 2021,4,Louis Vuitton,,,,
Q4 2021,5,Moncler,,,,
Q4 2021,6,Dior,,,,
Q4 2021,7,Fendi,,,,
Q4 2021,8,Saint Laurent,,,,
Q4 2021,9,Versace,,,,
Q4 2021,10,Bottega Veneta,,,,
Q4 2021,11,Valentino,,,,
Q4 2021,12,Burberry,,,,
Q4 2021,13,Nike,,,,
Q4 2021,14,Loewe,,,,
Q4 2021,15,Alexander McQueen,,,,
Q4 2021,16,Jacquemus,,,,
Q4 2021,17,Balmain,,,,
Q4 2021,18,Dolce & Gabbana,,,,
Q4 2021,19,Givenchy,,,,
Q4 2021,20,Miu Miu,,,,
Q1 2022,1,Balenciaga,Kering,KER.PA,,
Q1 2022,2,Gucci,Kering,KER.PA,,
Q1 2022,3,Louis Vuitton,LVMH,MC.PA,,
Q1 2022,4,Prada,Prada Group,1913.HK,,
Q1 2022,5,Valentino,Kering,KER.PA,,
Q1 2022,6,Dior,LVMH,MC.PA,,
Q1 2022,7,Moncler,Moncler,MONC.MI,,
Q1 2022,8,Bottega Veneta,Kering,KER.PA,,
Q1 2022,9,Fendi,LVMH,MC.PA,,
Q1 2022,10,Miu Miu,Prada Group,1913.HK,,
Q1 2022,11,Off-White,LVMH,MC.PA,,
Q1 2022,12,Burberry,Burberry Group,BRBY.L,,
Q1 2022,13,Loewe,LVMH,MC.PA,,
Q1 2022,14,Versace,Capri Holdings,CPRI,,
Q1 2022,15,Diesel,OTB,Private,,
Q1 2022,16,Rick Owens,Private,,,
Q1 2022,17,Adidas,Adidas,ADS.DE,,
Q1 2022,18,Saint Laurent,Kering,KER.PA,,
Q1 2022,19,Nike,Nike Inc,NKE,,
Q1 2022,20,Alexander McQueen,Kering,KER.PA,,
Q2 2022,1,Gucci,Kering,KER.PA,,+286% searches from adidas collab
Q2 2022,2,Balenciaga,Kering,KER.PA,,
Q2 2022,3,Prada,Prada Group,1913.HK,,
Q2 2022,4,Valentino,Kering,KER.PA,,
Q2 2022,5,Louis Vuitton,LVMH,MC.PA,,
Q2 2022,6,Dior,LVMH,MC.PA,,Seville Cruise collection
Q2 2022,7,Miu Miu,Prada Group,1913.HK,,
Q2 2022,8,Fendi,LVMH,MC.PA,,
Q2 2022,9,Diesel,OTB,Private,,Y2K appeal
Q2 2022,10,Burberry,Burberry Group,BRBY.L,,
Q2 2022,11,Versace,Capri Holdings,CPRI,,
Q2 2022,12,Nike,Nike Inc,NKE,,
Q2 2022,13,Adidas,Adidas,ADS.DE,,
Q2 2022,14,Loewe,LVMH,MC.PA,,
Q2 2022,15,Dolce & Gabbana,Private,,,+114% searches; Kardashian wedding
Q2 2022,16,Saint Laurent,Kering,KER.PA,,
Q2 2022,17,Bottega Veneta,Kering,KER.PA,,
Q2 2022,18,Moncler,Moncler,MONC.MI,,
Q2 2022,19,Off-White,LVMH,MC.PA,,
Q2 2022,20,Jacquemus,Private,,,Arles show
Q3 2022,1,Gucci,Kering,KER.PA,,Retained #1 second consecutive quarter
Q3 2022,2,Prada,Prada Group,1913.HK,,+44% searches; highest ever placement
Q3 2022,3,Valentino,Kering,KER.PA,,
Q3 2022,4,Balenciaga,Kering,KER.PA,,
Q3 2022,5,Miu Miu,Prada Group,1913.HK,,Ballet flats hottest product +1100%
Q3 2022,6,Dior,LVMH,MC.PA,,
Q3 2022,7,Fendi,LVMH,MC.PA,,
Q3 2022,8,Diesel,OTB,Private,,
Q3 2022,9,Versace,Capri Holdings,CPRI,,
Q3 2022,10,Burberry,Burberry Group,BRBY.L,,
Q3 2022,11,Bottega Veneta,Kering,KER.PA,+6,Kalimero bag from Blazy debut
Q3 2022,12,Dolce & Gabbana,Private,,+3,Kim K collection curator
Q3 2022,13,Saint Laurent,Kering,KER.PA,,
Q3 2022,14,Nike,Nike Inc,NKE,,est.
Q3 2022,15,Louis Vuitton,LVMH,MC.PA,,est.
Q3 2022,16,Loewe,LVMH,MC.PA,,est.
Q3 2022,17,Moncler,Moncler,MONC.MI,,est.
Q3 2022,18,Jacquemus,Private,,,est.; only independent in top 20
Q3 2022,19,Adidas,Adidas,ADS.DE,,est.
Q3 2022,20,Off-White,LVMH,MC.PA,,est.
Q4 2022,1,Prada,Prada Group,1913.HK,,
Q4 2022,2,Gucci,Kering,KER.PA,,
Q4 2022,3,Moncler,Moncler,MONC.MI,,
Q4 2022,4,Miu Miu,Prada Group,1913.HK,,
Q4 2022,5,Valentino,Kering,KER.PA,,
Q4 2022,6,Bottega Veneta,Kering,KER.PA,,
Q4 2022,7,Loewe,LVMH,MC.PA,,
Q4 2022,8,Dior,LVMH,MC.PA,,
Q4 2022,9,Dolce & Gabbana,Private,,,
Q4 2022,10,Saint Laurent,Kering,KER.PA,,
Q4 2022,11,Balenciaga,Kering,KER.PA,-7,Slipped after ad controversies
Q4 2022,12,Nike,Nike Inc,NKE,,
Q4 2022,13,Versace,Capri Holdings,CPRI,,
Q4 2022,14,Fendi,LVMH,MC.PA,-7,
Q4 2022,15,Louis Vuitton,LVMH,MC.PA,-6,
Q4 2022,16,Diesel,OTB,Private,-8,
Q4 2022,17,UGG,Deckers Outdoor,DECK,NEW,First time in top 20
Q4 2022,18,Burberry,Burberry Group,BRBY.L,,
Q4 2022,19,Coach,Tapestry,TPR,,
Q4 2022,20,Jacquemus,Private,,,
Q1 2023,1,Prada,Prada Group,1913.HK,,
Q1 2023,2,Miu Miu,Prada Group,1913.HK,,
Q1 2023,3,Moncler,Moncler,MONC.MI,,
Q1 2023,4,Valentino,Kering,KER.PA,,
Q1 2023,5,Loewe,LVMH,MC.PA,,
Q1 2023,6,Bottega Veneta,Kering,KER.PA,,
Q1 2023,7,Dolce & Gabbana,Private,,,
Q1 2023,8,Versace,Capri Holdings,CPRI,,
Q1 2023,9,Dior,LVMH,MC.PA,,
Q1 2023,10,Gucci,Kering,KER.PA,,
Q1 2023,11,Nike,Nike Inc,NKE,,
Q1 2023,12,Louis Vuitton,LVMH,MC.PA,,
Q1 2023,13,Diesel,OTB,Private,,
Q1 2023,14,Burberry,Burberry Group,BRBY.L,,
Q1 2023,15,Fendi,LVMH,MC.PA,,
Q1 2023,16,Skims,Private,,,
Q1 2023,17,Balenciaga,Kering,KER.PA,,
Q1 2023,18,Saint Laurent,Kering,KER.PA,,
Q1 2023,19,Jacquemus,Private,,,
Q1 2023,20,JW Anderson,Private,,,
Q2 2023,1,Loewe,LVMH,MC.PA,,+19% searches
Q2 2023,2,Prada,Prada Group,1913.HK,,
Q2 2023,3,Versace,Capri Holdings,CPRI,,Best ranking ever
Q2 2023,4,Miu Miu,Prada Group,1913.HK,,
Q2 2023,5,Bottega Veneta,Kering,KER.PA,,
Q2 2023,6,Valentino,Kering,KER.PA,,
Q2 2023,7,Saint Laurent,Kering,KER.PA,,
Q2 2023,8,Moncler,Moncler,MONC.MI,,
Q2 2023,9,Gucci,Kering,KER.PA,,
Q2 2023,10,Dior,LVMH,MC.PA,,
Q2 2023,11,Louis Vuitton,LVMH,MC.PA,,
Q2 2023,12,Dolce & Gabbana,Private,,,
Q2 2023,13,Burberry,Burberry Group,BRBY.L,,
Q2 2023,14,Jacquemus,Private,,,
Q2 2023,15,New Balance,New Balance,Private,,
Q2 2023,16,Balenciaga,Kering,KER.PA,,
Q2 2023,17,Skims,Private,,,
Q2 2023,18,Nike,Nike Inc,NKE,,
Q2 2023,19,Fendi,LVMH,MC.PA,,
Q2 2023,20,JW Anderson,Private,,,
Q3 2023,1,Miu Miu,Prada Group,1913.HK,,First time #1
Q3 2023,2,Loewe,LVMH,MC.PA,,
Q3 2023,3,Prada,Prada Group,1913.HK,,
Q3 2023,4,Bottega Veneta,Kering,KER.PA,,
Q3 2023,5,Versace,Capri Holdings,CPRI,,
Q3 2023,6,Saint Laurent,Kering,KER.PA,,
Q3 2023,7,Moncler,Moncler,MONC.MI,,
Q3 2023,8,Valentino,Kering,KER.PA,,
Q3 2023,9,Jacquemus,Private,,+5,Highest ranking ever
Q3 2023,10,Burberry,Burberry Group,BRBY.L,+4,
Q3 2023,11,Gucci,Kering,KER.PA,,
Q3 2023,12,Dior,LVMH,MC.PA,,-3 from Q2
Q3 2023,13,Balenciaga,Kering,KER.PA,,
Q3 2023,14,Dolce & Gabbana,Private,,,
Q3 2023,15,Louis Vuitton,LVMH,MC.PA,,-5 from Q2
Q3 2023,16,Skims,Private,,,
Q3 2023,17,Fendi,LVMH,MC.PA,,
Q3 2023,18,JW Anderson,Private,,,
Q3 2023,19,Ferragamo,Ferragamo,SFER.MI,NEW,First time entry
Q4 2023,1,Prada,Prada Group,1913.HK,,+41% YoY searches
Q4 2023,2,Miu Miu,Prada Group,1913.HK,,
Q4 2023,3,Loewe,LVMH,MC.PA,,
Q4 2023,4,Bottega Veneta,Kering,KER.PA,,
Q4 2023,5,Moncler,Moncler,MONC.MI,,
Q4 2023,6,Saint Laurent,Kering,KER.PA,,
Q4 2023,7,Versace,Capri Holdings,CPRI,,
Q4 2023,8,Jacquemus,Private,,,
Q4 2023,9,Burberry,Burberry Group,BRBY.L,,
Q4 2023,10,Valentino,Kering,KER.PA,,
Q4 2023,11,Gucci,Kering,KER.PA,,
Q4 2023,12,Balenciaga,Kering,KER.PA,+2,
Q4 2023,13,Fendi,LVMH,MC.PA,,
Q4 2023,14,Skims,Private,,+3,
Q4 2023,15,Dior,LVMH,MC.PA,,
Q4 2023,16,Louis Vuitton,LVMH,MC.PA,,
Q4 2023,17,UGG,Deckers Outdoor,DECK,,Returned to top 20
Q4 2023,18,The Row,Private,,NEW,+93% searches; debut
Q4 2023,19,Celine,LVMH,MC.PA,,
Q4 2023,20,Chloe,Richemont,CFR.SW,,
Q1 2024,1,Miu Miu,Prada Group,1913.HK,+1,3 products in top 10 hottest
Q1 2024,2,Prada,Prada Group,1913.HK,-1,
Q1 2024,3,Loewe,LVMH,MC.PA,,
Q1 2024,4,Bottega Veneta,Kering,KER.PA,,
Q1 2024,5,Saint Laurent,Kering,KER.PA,+1,
Q1 2024,6,Moncler,Moncler,MONC.MI,-1,
Q1 2024,7,Versace,Capri Holdings,CPRI,,
Q1 2024,8,Balenciaga,Kering,KER.PA,+4,
Q1 2024,9,Valentino,Kering,KER.PA,+1,
Q1 2024,10,Jacquemus,Private,,-2,
Q1 2024,11,Gucci,Kering,KER.PA,,
Q1 2024,12,Burberry,Burberry Group,BRBY.L,-3,
Q1 2024,13,Skims,Private,,+1,
Q1 2024,14,Louis Vuitton,LVMH,MC.PA,+2,
Q1 2024,15,New Balance,New Balance,Private,,
Q1 2024,16,The Row,Private,,+2,
Q1 2024,17,Diesel,OTB,Private,-4,
Q1 2024,18,Dolce & Gabbana,Private,,,
Q1 2024,19,Alaia,Richemont,CFR.SW,,
Q1 2024,20,JW Anderson,Private,,-1,
Q2 2024,1,Loewe,LVMH,MC.PA,+2,Challengers movie collab
Q2 2024,2,Miu Miu,Prada Group,1913.HK,-1,
Q2 2024,3,Prada,Prada Group,1913.HK,-1,
Q2 2024,4,Saint Laurent,Kering,KER.PA,+1,
Q2 2024,5,Bottega Veneta,Kering,KER.PA,-1,
Q2 2024,6,Versace,Capri Holdings,CPRI,+1,
Q2 2024,7,Balenciaga,Kering,KER.PA,+1,
Q2 2024,8,Jacquemus,Private,,+2,
Q2 2024,9,Moncler,Moncler,MONC.MI,-3,
Q2 2024,10,Gucci,Kering,KER.PA,+1,
Q2 2024,11,Valentino,Kering,KER.PA,-2,
Q2 2024,12,Skims,Private,,+1,
Q2 2024,13,Burberry,Burberry Group,BRBY.L,-1,
Q2 2024,14,New Balance,New Balance,Private,+1,
Q2 2024,15,Louis Vuitton,LVMH,MC.PA,-1,
Q2 2024,16,The Row,Private,,0,
Q2 2024,17,Alaia,Richemont,CFR.SW,+2,
Q2 2024,18,JW Anderson,Private,,+2,
Q2 2024,19,Dolce & Gabbana,Private,,-1,
Q2 2024,20,Coach,Tapestry,TPR,NEW,First time since Q4 2022
Q3 2024,1,Miu Miu,Prada Group,1913.HK,+1,+30% searches QoQ
Q3 2024,2,Loewe,LVMH,MC.PA,-1,
Q3 2024,3,Prada,Prada Group,1913.HK,,
Q3 2024,4,Saint Laurent,Kering,KER.PA,,
Q3 2024,5,Alaia,Richemont,CFR.SW,+12,+51% demand
Q3 2024,6,Bottega Veneta,Kering,KER.PA,-1,
Q3 2024,7,Jacquemus,Private,,+1,
Q3 2024,8,Gucci,Kering,KER.PA,+2,
Q3 2024,9,The Row,Private,,+7,Chanel/L'Oreal investment
Q3 2024,10,Valentino,Kering,KER.PA,+1,
Q3 2024,11,Versace,Capri Holdings,CPRI,-5,
Q3 2024,12,Skims,Private,,,
Q3 2024,13,Moncler,Moncler,MONC.MI,-4,
Q3 2024,14,Ralph Lauren,Ralph Lauren Corp,RL,NEW,+151% product engagement
Q3 2024,15,Coach,Tapestry,TPR,+5,
Q3 2024,16,Toteme,Private,,NEW,10th anniversary
Q3 2024,17,Balenciaga,Kering,KER.PA,-10,
Q3 2024,18,Louis Vuitton,LVMH,MC.PA,-3,
Q3 2024,19,Victoria Beckham,Private,,NEW,
Q3 2024,20,Chloe,Richemont,CFR.SW,NEW,
Q4 2024,1,Miu Miu,Prada Group,1913.HK,,#1 three of four quarters
Q4 2024,2,Saint Laurent,Kering,KER.PA,+2,
Q4 2024,3,Prada,Prada Group,1913.HK,,
Q4 2024,4,Loewe,LVMH,MC.PA,-2,
Q4 2024,5,Coach,Tapestry,TPR,+10,+65% demand QoQ
Q4 2024,6,Bottega Veneta,Kering,KER.PA,,
Q4 2024,7,Alaia,Richemont,CFR.SW,-2,
Q4 2024,8,Moncler,Moncler,MONC.MI,+5,
Q4 2024,9,The Row,Private,,,
Q4 2024,10,UGG,Deckers Outdoor,DECK,NEW,+358% searches
Q4 2024,11,Skims,Private,,+1,
Q4 2024,12,Gucci,Kering,KER.PA,-4,
Q4 2024,13,Jacquemus,Private,,-6,
Q4 2024,14,Versace,Capri Holdings,CPRI,-3,
Q4 2024,15,Balenciaga,Kering,KER.PA,+2,
Q4 2024,16,Valentino,Kering,KER.PA,-6,
Q4 2024,17,COS,H&M Group,HM-B.ST,NEW,+16% demand
Q4 2024,18,Ralph Lauren,Ralph Lauren Corp,RL,-4,
Q4 2024,19,Chloe,Richemont,CFR.SW,+1,
Q4 2024,20,Toteme,Private,,-4,
Q1 2025,1,Loewe,LVMH,MC.PA,+3,+38% searches; JW Anderson departure
Q1 2025,2,Miu Miu,Prada Group,1913.HK,-1,
Q1 2025,3,Saint Laurent,Kering,KER.PA,-1,
Q1 2025,4,Coach,Tapestry,TPR,-1,
Q1 2025,5,Prada,Prada Group,1913.HK,-2,
Q1 2025,6,COS,H&M Group,HM-B.ST,+11,+44% demand; first high-street top 10
Q1 2025,7,Bottega Veneta,Kering,KER.PA,-1,
Q1 2025,8,The Row,Private,,-1,
Q1 2025,9,Chloe,Richemont,CFR.SW,+10,First time top 10
Q1 2025,10,Alaia,Richemont,CFR.SW,-3,
Q1 2025,11,Moncler,Moncler,MONC.MI,-3,
Q1 2025,12,Ralph Lauren,Ralph Lauren Corp,RL,-6,
Q1 2025,13,Versace,Capri Holdings,CPRI,-1,
Q1 2025,14,Balenciaga,Kering,KER.PA,-1,
Q1 2025,15,Skims,Private,,-4,
Q1 2025,16,Jacquemus,Private,,+3,
Q1 2025,17,Gucci,Kering,KER.PA,-5,
Q1 2025,18,On,On Holding,ONON,NEW,+50% searches
Q1 2025,19,Toteme,Private,,-1,
Q1 2025,20,Valentino,Kering,KER.PA,-4,
Q2 2025,1,Miu Miu,Prada Group,1913.HK,+1,
Q2 2025,2,Loewe,LVMH,MC.PA,-1,
Q2 2025,3,Saint Laurent,Kering,KER.PA,,
Q2 2025,4,Prada,Prada Group,1913.HK,+1,
Q2 2025,5,Coach,Tapestry,TPR,+1,
Q2 2025,6,The Row,Private,,+2,
Q2 2025,7,COS,H&M Group,HM-B.ST,-1,
Q2 2025,8,Chloe,Richemont,CFR.SW,+1,
Q2 2025,9,Bottega Veneta,Kering,KER.PA,-2,
Q2 2025,10,Moncler,Moncler,MONC.MI,+1,
Q2 2025,11,Ralph Lauren,Ralph Lauren Corp,RL,+1,
Q2 2025,12,Alaia,Richemont,CFR.SW,-2,
Q2 2025,13,Balenciaga,Kering,KER.PA,-1,
Q2 2025,14,Jacquemus,Private,,+2,
Q2 2025,15,Skims,Private,,,
Q2 2025,16,Versace,Capri Holdings,CPRI,-3,
Q2 2025,17,Burberry,Burberry Group,BRBY.L,RE-ENTRY,First return in a year
Q2 2025,18,Gucci,Kering,KER.PA,+1,
Q2 2025,19,Birkenstock,Birkenstock,BIRK,NEW,
Q2 2025,20,Valentino,Kering,KER.PA,,
Q3 2025,1,Saint Laurent,Kering,KER.PA,+2,First time #1
Q3 2025,2,Miu Miu,Prada Group,1913.HK,-1,
Q3 2025,3,COS,H&M Group,HM-B.ST,+4,+147% searches
Q3 2025,4,The Row,Private,,+2,
Q3 2025,5,Coach,Tapestry,TPR,,
Q3 2025,6,Prada,Prada Group,1913.HK,-2,
Q3 2025,7,Bottega Veneta,Kering,KER.PA,+2,
Q3 2025,8,Loewe,LVMH,MC.PA,-6,
Q3 2025,9,Ralph Lauren,Ralph Lauren Corp,RL,+2,
Q3 2025,10,Chloe,Richemont,CFR.SW,-2,
Q3 2025,11,Moncler,Moncler,MONC.MI,-1,
Q3 2025,12,Versace,Capri Holdings,CPRI,+4,
Q3 2025,13,Burberry,Burberry Group,BRBY.L,+4,+14% demand
Q3 2025,14,Gucci,Kering,KER.PA,+4,
Q3 2025,15,Skims,Private,,,+271% YoY demand
Q3 2025,16,Balenciaga,Kering,KER.PA,-3,
Q3 2025,17,Jacquemus,Private,,-3,
Q3 2025,18,Alaia,Richemont,CFR.SW,-6,
Q3 2025,19,Stone Island,Moncler,MONC.MI,NEW,+115% demand; first time in 4 years
Q3 2025,20,Valentino,Kering,KER.PA,,
Q4 2025,1,Saint Laurent,Kering,KER.PA,,+4% QoQ; retained #1
Q4 2025,2,Miu Miu,Prada Group,1913.HK,,
Q4 2025,3,COS,H&M Group,HM-B.ST,,+60% QoQ
Q4 2025,4,Ralph Lauren,Ralph Lauren Corp,RL,+5,+24% demand
Q4 2025,5,Prada,Prada Group,1913.HK,+1,Hosted Prada Mode London with Elmgreen & Dragset
Q4 2025,6,Coach,Tapestry,TPR,-1,
Q4 2025,7,The Row,Private,,-3,
Q4 2025,8,Burberry,Burberry Group,BRBY.L,+5,+38% demand
Q4 2025,9,Gucci,Kering,KER.PA,+5,
Q4 2025,10,Moncler,Moncler,MONC.MI,+1,Warmer Together FW campaign with De Niro and Pacino
Q4 2025,11,Chloe,Richemont,CFR.SW,-1,Summer 2026 runway show under Chemena Kamali
Q4 2025,12,Bottega Veneta,Kering,KER.PA,-5,What Are Dreams campaign with Jacob Elordi
Q4 2025,13,Loewe,LVMH,MC.PA,-5,Debut collection by new CDs McCollough and Hernandez
Q4 2025,14,Versace,Capri Holdings,CPRI,-2,Chapter 2 of Versace Embodied talent campaign
Q4 2025,15,Stone Island,Moncler,MONC.MI,+4,Launched STONE ISLAND DENIM RESEARCH AW 025-026
Q4 2025,16,Massimo Dutti,Inditex,ITX.MC,NEW,+59% demand; first time
Q4 2025,17,Balenciaga,Kering,KER.PA,-1,Summer 26 show The Heartbeat; Piccioli first womenswear
Q4 2025,18,Skims,Private,,-3,Second drop of NikeSKIMS partnership
Q4 2025,19,Nike,Nike Inc,NKE,RE-ENTRY,Returned to top 20
Q4 2025,20,Jacquemus,Private,,-3,Launched Valerie bag with Charlotte Le Bon campaign
Q1 2026,1,Chanel,Private,,NEW,First time #1; Matthieu Blazy debut effect
Q1 2026,2,Saint Laurent,Kering,KER.PA,-1,
Q1 2026,3,Dior,LVMH,MC.PA,NEW,
Q1 2026,4,Miu Miu,Prada Group,1913.HK,-2,
Q1 2026,5,Gucci,Kering,KER.PA,+4,
Q1 2026,6,Ralph Lauren,Ralph Lauren Corp,RL,-2,
Q1 2026,7,Prada,Prada Group,1913.HK,-2,
Q1 2026,8,Coach,Tapestry,TPR,-2,
Q1 2026,9,Burberry,Burberry Group,BRBY.L,-1,
Q1 2026,10,COS,H&M Group,HM-B.ST,-7,
Q1 2026,11,The Row,Private,,-4,
Q1 2026,12,Versace,Capri Holdings,CPRI,+2,
Q1 2026,13,Moncler,Moncler,MONC.MI,-3,
Q1 2026,14,Chloe,Richemont,CFR.SW,-3,
Q1 2026,15,Bottega Veneta,Kering,KER.PA,-3,
Q1 2026,16,Loewe,LVMH,MC.PA,-3,
Q1 2026,17,Stone Island,Moncler,MONC.MI,-2,
Q1 2026,18,Massimo Dutti,Inditex,ITX.MC,-2,
Q1 2026,19,Fendi,LVMH,MC.PA,RE-ENTRY,
Q1 2026,20,Celine,LVMH,MC.PA,NEW,Michael Rider debut
